{"outer_pos_bonus":[111.75361,52.08071,56.64912,50.85305,59.46361,51.988064,22.805882,-45.4674,-71.46463,-47.036427,-0.54014623,0.0,0.0,0.0,0.0,0.0],"inner_pos_bonus":[123.30949,101.87226,114.11929,102.5805,79.97264,44.389187,-4.610017,-103.4251,-132.35074,-81.03263,-3.6589086,0.0,0.0,0.0,0.0,0.0]}
