{"outer_pos_bonus":[86.45272,58.548946,51.759033,14.621631,-6.465683,7.7859607,-7.335545,-70.115814,-176.54091,-196.16893,-2.5959077,0.0,0.0,0.0,0.0,0.0],"inner_pos_bonus":[69.31605,54.295002,46.469337,40.06795,32.084244,14.758727,-8.255729,-77.876114,-188.04941,-215.87325,-6.9838004,0.0,0.0,0.0,0.0,0.0]}
