{"outer_pos_bonus":[110.03749,50.767986,55.257168,49.655796,56.87401,50.205776,16.289925,-48.796303,-74.5762,-45.991833,-0.60048544,0.0,0.0,0.0,0.0,0.0],"inner_pos_bonus":[122.16089,101.06305,112.09385,100.15782,77.26918,42.440754,-14.12196,-104.96993,-132.42001,-81.36672,-3.1430573,0.0,0.0,0.0,0.0,0.0]}
