{"outer_pos_bonus":[106.11658,47.700356,52.930664,46.32302,55.988323,51.909138,16.254642,-48.152992,-71.560875,-48.3266,-0.62153286,0.0,0.0,0.0,0.0,0.0],"inner_pos_bonus":[120.95923,99.86253,109.275276,101.33102,77.47466,42.577534,-16.272346,-106.391884,-131.78395,-84.38748,-4.1283307,0.0,0.0,0.0,0.0,0.0]}
