{"outer_pos_bonus":[96.086235,60.086266,45.491276,5.767295,-12.290387,12.010936,21.558008,-5.062042,-51.31994,-12.127567,-0.040046398,0.0,0.0,0.0,0.0,0.0],"inner_pos_bonus":[70.536644,52.826927,38.17348,32.20714,30.72162,26.562996,14.506586,-15.080265,-64.54308,-25.64871,-0.08045731,0.0,0.0,0.0,0.0,0.0]}
