{"outer_pos_bonus":[107.5497,49.590508,58.257668,49.273647,56.786102,49.546623,9.37474,-72.70381,-166.38058,-191.90591,-8.021245,0.0,0.0,0.0,0.0,0.0],"inner_pos_bonus":[122.87265,103.29198,113.10093,103.43768,80.81604,41.714516,-9.490653,-119.15262,-246.62996,-230.11156,-18.359034,0.0,0.0,0.0,0.0,0.0]}
