{"corner":[180.45702,95.24729,58.657185,-17.63306,-77.012794,-40.30108,-6.4551806,-5.3626623,-10.373418,-1.1233481,0.0,0.0,0.0,0.0,0.0,0.0],"edge":[146.18683,106.213615,69.0764,-4.8021836,-1.4383792,0.45439458,28.099363,15.134186,-5.6607914,-1.050898,0.0,0.0,0.0,0.0,0.0,0.0],"center":[-34.3491,10.984835,10.431451,12.832249,75.57056,40.755436,34.55489,20.496744,4.7126317,0.07245045,0.0,0.0,0.0,0.0,0.0,0.0]}
