{"outer_pos_bonus":[114.25386,52.897427,58.939995,51.759056,57.09441,53.828197,23.00502,-46.20533,-70.12969,-42.18036,-1.0536695,0.0,0.0,0.0,0.0,0.0],"inner_pos_bonus":[128.00676,107.4045,115.40622,106.98204,83.2132,47.429714,-12.138954,-106.28693,-133.82683,-79.634125,-4.236856,0.0,0.0,0.0,0.0,0.0]}
