{"outer_pos_bonus":[108.96649,52.94607,57.83827,51.674976,57.070103,51.34598,13.410782,-70.96106,-162.65927,-193.40118,-5.999556,0.0,0.0,0.0,0.0,0.0],"inner_pos_bonus":[124.9364,105.05422,114.596756,106.38938,82.01593,46.18735,-8.752502,-119.525955,-245.55724,-228.13528,-16.888744,0.0,0.0,0.0,0.0,0.0]}
