{"outer_pos_bonus":[109.87243,48.772003,54.790375,47.152584,57.532413,50.348835,19.860075,-45.28105,-73.24773,-50.88907,-0.99212193,0.0,0.0,0.0,0.0,0.0],"inner_pos_bonus":[124.57714,100.61979,112.63754,102.458786,80.58492,44.46574,-13.730628,-108.047455,-135.16777,-86.36186,-4.047978,0.0,0.0,0.0,0.0,0.0]}
