{"outer_pos_bonus":[110.171135,53.1377,55.313877,48.016838,57.569405,51.19506,16.576448,-47.718674,-79.80568,-40.925575,-1.0329195,0.0,0.0,0.0,0.0,0.0],"inner_pos_bonus":[125.169395,103.19217,114.48933,105.222916,78.63887,43.16241,-19.343893,-105.791504,-138.77475,-79.53227,-3.838541,0.0,0.0,0.0,0.0,0.0]}
